<?xml version="1.0"?>
<feed version="2.0" xmlns="http://www.w3.org/2005/Atom" xmlns:sx="http://www.microsoft.com/schemas/sse">
	<title>todolist.xml</title>
	<subtitle>Sample to do list</subtitle>
	<link rel="self" href="http://www.example.com/index.html"/>
	<author>
		<name>Ray Ozzie</name>
	</author>
	<updated>2005-05-21T11:43:33Z</updated>
	<id>urn:uuid:43F7C02D-1E98-4e61-B3DE-BD40B16F3660</id>
	<entry>
		<sx:sync id="101" updates="1" deleted="false" noconflicts="false"><sx:history sequence="1" when="2007-05-08T17:11:46Z" by="sseAtomConvert.js"/></sx:sync><title>Pay Bills</title>
		<content>Electric, Gas and Water Bills</content>
		<id>urn:uuid:43F7C02D-1E98-4e61-B3DE-BD40B16F3661</id>
		<author>
			<name>Ray Ozzie</name>
		</author>
		<updated>2005-05-21T11:43:33Z</updated>
	</entry>
	<entry><sx:sync id="ep1.100" updates="1" deleted="false" noconflicts="false"><sx:history sequence="1" when="2007-05-08T17:11:46Z" by="EP1"/></sx:sync><title>Buy groceries</title><content>Get milk and eggs</content><id>tag:example.com,2007-05-08:0.781799511778748</id><author><name>EP1</name></author><updated>2007-05-08T17:11:46Z</updated></entry><entry><sx:sync id="ep1.101" updates="1" deleted="false" noconflicts="false"><sx:history sequence="1" when="2007-05-08T17:11:46Z" by="EP1"/></sx:sync><title>Get car serviced</title><content>Needs oil change</content><id>tag:example.com,2007-05-08:0.7822596013897483</id><author><name>EP1</name></author><updated>2007-05-08T17:11:46Z</updated></entry><entry><sx:sync id="ep2.100" updates="1" deleted="false" noconflicts="false"><sx:history sequence="1" when="2007-05-08T17:11:46Z" by="EP2"/></sx:sync><title>Return books to library</title><content>2 books in total</content><id>tag:example.com,2007-05-08:0.5029476585968547</id><author><name>EP2</name></author><updated>2007-05-08T17:11:46Z</updated></entry><entry><sx:sync id="ep2.101" updates="1" deleted="false" noconflicts="false"><sx:history sequence="1" when="2007-05-08T17:11:46Z" by="EP2"/></sx:sync><title>Get birthday gift for mother</title><content>She likes blue flowers</content><id>tag:example.com,2007-05-08:0.8965456110453505</id><author><name>EP2</name></author><updated>2007-05-08T17:11:46Z</updated></entry></feed>
