﻿<?xml version="1.0"?>
<feed version="2.0" xmlns="http://www.w3.org/2005/Atom">
  <title>todolist.xml</title>
  <subtitle>Sample to do list</subtitle>
  <link rel="self" href="http://www.example.com/index.html"/>
  <author>
    <name>Ray Ozzie</name>
  </author>
  <updated>2005-05-21T11:43:33Z</updated>
  <id>urn:uuid:43F7C02D-1E98-4e61-B3DE-BD40B16F3660</id>
  <entry>
    <title>Pay Bills</title>
    <content>Electric, Gas and Water Bills</content>
    <id>urn:uuid:43F7C02D-1E98-4e61-B3DE-BD40B16F3661</id>
    <author>
      <name>Ray Ozzie</name>
    </author>
    <updated>2005-05-21T11:43:33Z</updated>
  </entry>
</feed>
