<?xml version="1.0"?>
<rss version="2.0" xmlns:sx="http://www.microsoft.com/schemas/sse">
	<channel>
		<title>todolist.xml</title>
		<description>Sample to do list</description>
		<link>http://www.example.com/index.html</link>
		<item>
			<sx:sync id="101" updates="1" deleted="false" noconflicts="false"><sx:history sequence="1" when="2007-05-17T21:53:30Z" by="sseAtomConvert.js"/></sx:sync><title>Pay Bills</title>
			<description>Electric, Gas and Water Bills</description>
		</item>
		<item><sx:sync id="ep1.100" updates="1" deleted="false" noconflicts="false"><sx:history sequence="1" when="2007-05-17T21:53:30Z" by="EP1"/></sx:sync><title>Buy groceries</title><description>Get milk and eggs</description></item></channel>
</rss>
